{
  "completed": 40,
  "learning": {
    "all_step_rewards_zero": false,
    "episode_returns": [
      -0.30000000000000004,
      -0.30000000000000004,
      -0.30000000000000004,
      -0.30000000000000004,
      -0.30000000000000004,
      -0.30000000000000004,
      -0.30000000000000004,
      -0.30000000000000004,
      -0.30000000000000004,
      -0.30000000000000004,
      -0.30000000000000004,
      -0.30000000000000004,
      -0.30000000000000004,
      -0.30000000000000004,
      -0.30000000000000004,
      -0.30000000000000004,
      -0.30000000000000004,
      -0.30000000000000004,
      -0.30000000000000004,
      -0.30000000000000004,
      -0.30000000000000004,
      -0.30000000000000004,
      -0.30000000000000004,
      -0.30000000000000004,
      -0.30000000000000004,
      -0.30000000000000004,
      -0.30000000000000004,
      -0.30000000000000004,
      -0.30000000000000004,
      -0.30000000000000004,
      -0.30000000000000004,
      -0.30000000000000004,
      -0.30000000000000004,
      -0.30000000000000004,
      -0.30000000000000004,
      -0.30000000000000004,
      -0.30000000000000004,
      -0.30000000000000004,
      -0.30000000000000004,
      -0.30000000000000004
    ],
    "mean_return": -0.30000000000000004,
    "policy_baseline_value": -0.29556573511756945,
    "rollout_count": 40,
    "schema": "safe-tool-selection-v1",
    "update_summaries": [
      {
        "baseline_after": -0.029999999999999992,
        "baseline_before": 0.0,
        "episode_return": -0.3,
        "returns": [
          -0.3,
          -0.25,
          -0.2,
          -0.15000000000000002,
          -0.1,
          -0.05
        ],
        "total_abs_update": 0.6771287963958036,
        "transition_count": 6
      },
      {
        "baseline_after": -0.05699999999999998,
        "baseline_before": -0.029999999999999992,
        "episode_return": -0.3,
        "returns": [
          -0.3,
          -0.25,
          -0.2,
          -0.15000000000000002,
          -0.1,
          -0.05
        ],
        "total_abs_update": 0.5696849916348067,
        "transition_count": 6
      },
      {
        "baseline_after": -0.08129999999999998,
        "baseline_before": -0.05699999999999998,
        "episode_return": -0.3,
        "returns": [
          -0.3,
          -0.25,
          -0.2,
          -0.15000000000000002,
          -0.1,
          -0.05
        ],
        "total_abs_update": 0.47009972771933534,
        "transition_count": 6
      },
      {
        "baseline_after": -0.10316999999999998,
        "baseline_before": -0.08129999999999998,
        "episode_return": -0.3,
        "returns": [
          -0.3,
          -0.25,
          -0.2,
          -0.15000000000000002,
          -0.1,
          -0.05
        ],
        "total_abs_update": 0.4099649463942135,
        "transition_count": 6
      },
      {
        "baseline_after": -0.12285299999999999,
        "baseline_before": -0.10316999999999998,
        "episode_return": -0.3,
        "returns": [
          -0.3,
          -0.25,
          -0.2,
          -0.15000000000000002,
          -0.1,
          -0.05
        ],
        "total_abs_update": 0.35803431766275934,
        "transition_count": 6
      },
      {
        "baseline_after": -0.1405677,
        "baseline_before": -0.12285299999999999,
        "episode_return": -0.3,
        "returns": [
          -0.3,
          -0.25,
          -0.2,
          -0.15000000000000002,
          -0.1,
          -0.05
        ],
        "total_abs_update": 0.3399570973723549,
        "transition_count": 6
      },
      {
        "baseline_after": -0.15651093,
        "baseline_before": -0.1405677,
        "episode_return": -0.3,
        "returns": [
          -0.3,
          -0.25,
          -0.2,
          -0.15000000000000002,
          -0.1,
          -0.05
        ],
        "total_abs_update": 0.31479142745392524,
        "transition_count": 6
      },
      {
        "baseline_after": -0.170859837,
        "baseline_before": -0.15651093,
        "episode_return": -0.3,
        "returns": [
          -0.3,
          -0.25,
          -0.2,
          -0.15000000000000002,
          -0.1,
          -0.05
        ],
        "total_abs_update": 0.30448301519205395,
        "transition_count": 6
      },
      {
        "baseline_after": -0.18377385329999998,
        "baseline_before": -0.170859837,
        "episode_return": -0.3,
        "returns": [
          -0.3,
          -0.25,
          -0.2,
          -0.15000000000000002,
          -0.1,
          -0.05
        ],
        "total_abs_update": 0.3112384332574514,
        "transition_count": 6
      },
      {
        "baseline_after": -0.19539646797,
        "baseline_before": -0.18377385329999998,
        "episode_return": -0.3,
        "returns": [
          -0.3,
          -0.25,
          -0.2,
          -0.15000000000000002,
          -0.1,
          -0.05
        ],
        "total_abs_update": 0.32113083045815655,
        "transition_count": 6
      },
      {
        "baseline_after": -0.205856821173,
        "baseline_before": -0.19539646797,
        "episode_return": -0.3,
        "returns": [
          -0.3,
          -0.25,
          -0.2,
          -0.15000000000000002,
          -0.1,
          -0.05
        ],
        "total_abs_update": 0.32301578410602305,
        "transition_count": 6
      },
      {
        "baseline_after": -0.2152711390557,
        "baseline_before": -0.205856821173,
        "episode_return": -0.3,
        "returns": [
          -0.3,
          -0.25,
          -0.2,
          -0.15000000000000002,
          -0.1,
          -0.05
        ],
        "total_abs_update": 0.33191520141259623,
        "transition_count": 6
      },
      {
        "baseline_after": -0.22374402515013,
        "baseline_before": -0.2152711390557,
        "episode_return": -0.3,
        "returns": [
          -0.3,
          -0.25,
          -0.2,
          -0.15000000000000002,
          -0.1,
          -0.05
        ],
        "total_abs_update": 0.3445453334281353,
        "transition_count": 6
      },
      {
        "baseline_after": -0.231369622635117,
        "baseline_before": -0.22374402515013,
        "episode_return": -0.3,
        "returns": [
          -0.3,
          -0.25,
          -0.2,
          -0.15000000000000002,
          -0.1,
          -0.05
        ],
        "total_abs_update": 0.35462781834120694,
        "transition_count": 6
      },
      {
        "baseline_after": -0.23823266037160531,
        "baseline_before": -0.231369622635117,
        "episode_return": -0.3,
        "returns": [
          -0.3,
          -0.25,
          -0.2,
          -0.15000000000000002,
          -0.1,
          -0.05
        ],
        "total_abs_update": 0.3621985788355319,
        "transition_count": 6
      },
      {
        "baseline_after": -0.24440939433444478,
        "baseline_before": -0.23823266037160531,
        "episode_return": -0.3,
        "returns": [
          -0.3,
          -0.25,
          -0.2,
          -0.15000000000000002,
          -0.1,
          -0.05
        ],
        "total_abs_update": 0.36727323230061965,
        "transition_count": 6
      },
      {
        "baseline_after": -0.2499684549010003,
        "baseline_before": -0.24440939433444478,
        "episode_return": -0.3,
        "returns": [
          -0.3,
          -0.25,
          -0.2,
          -0.15000000000000002,
          -0.1,
          -0.05
        ],
        "total_abs_update": 0.36985794959432483,
        "transition_count": 6
      },
      {
        "baseline_after": -0.25497160941090025,
        "baseline_before": -0.2499684549010003,
        "episode_return": -0.3,
        "returns": [
          -0.3,
          -0.25,
          -0.2,
          -0.15000000000000002,
          -0.1,
          -0.05
        ],
        "total_abs_update": 0.369963660252923,